name,BMI,age,birthday,city,married,index
Darron Weissnat IV,20.72,39,2005-01-03T00:00:00.000Z,East Russel,false,0
Pablo Ondricka,19.32,38,1974-05-13T00:00:00.000Z,Lake Edytheville,false,1
Mr. Stella Kiehn Jr.,16.8,34,2003-07-25T00:00:00.000Z,Lake Veronicaburgh,false,2
Lavon Hilll I,20.57,12,1994-10-26T00:00:00.000Z,Annatown,true,3
Clovis Pagac,24.28,26,1995-11-10T00:00:00.000Z,South Eldredtown,false,4
Gaylord Paucek,24.41,30,1975-06-12T00:00:00.000Z,Koeppchester,true,5
Ashlynn Kuhn MD,23.77,32,1985-08-09T00:00:00.000Z,West Josiemouth,false,6
Fern Schmeler IV,27.33,26,2005-02-10T00:00:00.000Z,West Abigaleside,true,7
Enid Weber,18.72,17,1998-11-30T00:00:00.000Z,Zackton,true,8
Leatha O'Hara,17.68,42,2010-10-17T00:00:00.000Z,Lake Matilda,false,9
Korbin Steuber,16.35,39,1975-06-30T00:00:00.000Z,East Armandofort,true,10
Brennon Torphy,27.37,24,2003-10-21T00:00:00.000Z,Croninfort,true,11
Ms. Genoveva Bradtke,28.63,19,1983-01-10T00:00:00.000Z,Port Emanuel,true,12
Gregg Halvorson,15.45,15,2004-06-15T00:00:00.000Z,Lake Angelinastad,false,13
Mr. Sabina Schroeder III,24.27,26,1980-11-22T00:00:00.000Z,Toyview,true,14
Alanna Mitchell,29.25,37,1971-08-04T00:00:00.000Z,Lake Monserratmouth,false,15
Ronny Sanford,29.16,24,1994-11-24T00:00:00.000Z,New Claudhaven,false,16
Emmitt Pouros,27.95,14,1989-04-04T00:00:00.000Z,Moorefurt,true,17
Earl Purdy,18.34,38,2013-04-03T00:00:00.000Z,Lake Rowanberg,true,18
Cordelia Klocko,25.85,36,2011-01-17T00:00:00.000Z,Lakinchester,true,19
Guido Conroy,25.17,39,1977-04-20T00:00:00.000Z,Scarlettland,true,20
Miss Demond Weissnat V,21.44,19,2007-06-09T00:00:00.000Z,Savionberg,false,21
Easton Mante,20.61,43,2007-01-29T00:00:00.000Z,Kutchberg,false,22
Dayton Ebert,29.88,20,1978-04-27T00:00:00.000Z,West Wiley,true,23